X,Y,OBJECTID,ID_CICLOPARQUEDERO,CIV,CLASECICLOP,NOMBRECICLOP,SECTORCICLOP,TIPOUSUARIOCICLOP,LOCALIDAD,DIRECCIONCICLOP,HORARIOCICLOP,TIPOLOGIACICLOP,CUPOCICLOP,SELLOCICLOP,ANOCICLOP,GLOBALID
-74.152796034,4.59789844800002,1,1000,19015569,F,Centro comercial  Paseo Villa del rio,2,1,19,DG 57C SUR 62 60,L-D 08:00 - 21:00,8,1205,2,2023,{EA7D8EEB-0574-4E7F-B9B5-68C278FD83DA}
-74.155887235,4.58025208599997,2,1001,19002092,F,Centro de salud candelaria,2,2,6,KR 51 59C SUR 40,L-V 07:00 - 20:00,8,48,1,2023,{10C4AEE1-AC03-4E39-B341-DFA828AC2B84}
-74.158161599,4.57056693599998,3,1002,19004657,F,Centro de salud Manuela Beltrán,2,2,1,KR 44D 69 SUR 16,L-V 07:00 - 20:00,8,24,1,2023,{5AAE4433-A2A0-4DD7-A748-9D382BF84E4A}
-74.132117389,4.58361028799999,4,1003,6000883,F,Centro de salud El Carmen,2,2,6,KR 17 25 65,L-V 07:00 - 20:00,8,24,1,2023,{E255AFCF-8194-4756-90AB-B05D03664CCC}
-74.152782693,4.59658290200002,5,1004,19014419,F,Makro Villa del rio,2,1,8,KR 63 57G 47,L-D 08:00 - 20:00,8,46,2,2023,{58AF8A4E-1217-4D38-BB2B-6F8637018886}
-74.082007101,4.73700859899998,6,1005,11013784,F,Compensar Suba,2,2,11,CL 146b 91 90,L-V 08:00 - 17:00,8,150,2,2023,{E568BA42-F0D4-4BC2-AFF4-293BAF71193F}
-74.049204364,4.70441927100001,7,1006,1006852,F,GIZ,2,2,1,CL 125 19 24,L-V 07:00 - 15:00,8,52,1,2023,{C78CA34C-E9E2-4C18-AC15-EB1CE60F6888}
-74.128958222,4.64659729099998,8,1007,8014521,F,Centro comercial El Edén,2,1,8,AV BOYACA 12B 18,L-D 08:00 - 22:00,8,709,1,2023,{4D853BD3-A344-460D-A0A8-E3F8D48B0D37}
-74.10915202,4.66161631400001,9,1008,9003584,F,Carvajal,2,2,10,AV CL 26 90 10,L-D 06:00 - 19:00,8,300,1,2023,{1F1D6596-A062-49F8-A929-AD5253F477EC}
-74.14349858,4.56618030700002,10,1009,19015232,F,Alcaldia Local Ciudad Bolivar,1,1,19,DG 62 SUR 20F 20,L-V 08:00 - 16:30,8,74,1,2023,{B892A446-EE5D-4A12-B4C1-B94224C36240}
-74.103508052,4.66260924099998,11,1010,10011500,F,Compensar CUR,2,2,10,KR 69 49A 73,L-D 06:00 - 21:00,8,60,2,2023,{C8F09FA7-D627-4665-AEC0-84489A626A78}
-74.09431,4.74674599999997,12,1011,11013770,I,Portal Suba,1,1,11,Troncal Suba,L-D 05:00 - 24:00,3,760,1,2018,{929CF224-0D6B-40DA-8242-B3336CDD2586}
-74.172942,4.629054,13,1012,8013589,I,Portal Américas,1,1,8,Troncal Americas,L-D 05:00 - 24:00,3,785,1,2018,{0D86BC54-EB44-40B3-B77F-9AAB5E6E55EB}
-74.152953,4.63505300000003,14,1013,8003671,I,Estación Transversal 86,1,1,8,Troncal Americas,L-D 05:00 - 24:00,3,84,1,2018,{40BED75C-F3B4-48BF-806C-FF75219EBF46}
-74.145546,4.63125600000001,15,1014,8004360,I,Estación Banderas,1,1,8,Troncal Americas,L-D 05:00 - 24:00,3,164,1,2018,{38127E6B-EE07-40B8-8D80-2E28BAF02936}
-74.135224,4.63013999899999,16,1015,8013741,I,Estación Mundo Aventura,1,1,8,Troncal Americas,L-D 05:00 - 24:00,1,32,1,2018,{AE7118D9-45BA-4387-8166-95CDA960A9AA}
-74.128603,4.62948799999998,17,1016,8004666,I,Estación Marsella,1,1,8,Troncal Americas,L-D 05:00 - 24:00,1,32,1,2018,{0C5697A7-0397-4BB3-B187-DED83F76D824}
-74.119685,4.62860899999998,18,1017,16000291,I,Estación Pradera,1,1,16,Troncal Americas,L-D 05:00 - 24:00,1,32,1,2018,{478A72EA-B2C5-4863-93C6-F5CEE3DC4313}
-74.169351,4.59672699999999,19,1018,7009012,I,Portal del Sur,1,1,19,Troncal NQS Sur,L-D 05:00 - 24:00,3,961,1,2018,{4AE4B9F2-B7A8-42E5-BE8A-A045342E32DF}
-74.128297,4.59347599900002,20,1019,16005114,I,Estación General Santander,1,1,16,Troncal NQS Sur,L-D 05:00 - 24:00,3,48,1,2018,{8ED31880-C301-43E5-B911-3C2B353B6067}
-74.090292,4.61280900000003,21,1020,14000289,I,Estación Ricaurte,1,1,14,Troncal NQS Central,L-D 05:00 - 24:00,2,185,1,2018,{73AB642B-AACE-4FE5-A244-08BC978C1E6C}
-74.082115,4.59358500000002,22,1021,3000873,I,Estación Bicentenario,1,1,3,Troncal AV 10,L-D 05:00 - 24:00,3,116,1,2018,{B0B09510-E05A-487D-9DB0-1949A38D3887}
-74.097222,4.56547299900001,23,1022,4008127,I,Portal 20 de Julio,1,1,4,Troncal AV 10,L-D 05:00 - 24:00,3,216,1,2018,{B6B985A3-8728-45A2-B2B9-256F487B0414}
-74.120627,4.68042600000001,24,1023,9001736,I,Portal El Dorado,1,1,6,Troncal Calle 26,L-D 05:00 - 24:00,3,532,1,2018,{EC9EC764-427E-4738-B1F3-C3A274B95AA2}
-74.108907,4.66215099999999,25,1024,9004511,I,Estación Av. Rojas,1,1,10,Troncal Calle 26,L-D 05:00 - 24:00,1,104,1,2018,{2FA961A3-1FDB-48A7-8842-C67916F27E98}
-74.092526,4.63656200000003,26,1025,13002752,I,Estación Quinta Paredes,1,1,13,Troncal Calle 26,L-D 05:00 - 24:00,1,48,1,2018,{35121EB2-B606-412B-AC02-B7D9F7EF3EDD}
-74.110413,4.70957499999997,27,1026,0,I,Portal 80,1,1,10,Troncal Calle 80,L-D 05:00 - 24:00,3,333,1,2018,{CA73DC9B-4FA5-4B24-8CCC-2EB502A371AB}
-74.139671,4.57180199999999,28,1027,6002051,I,Portal Tunal,1,1,19,Cable,L-D 05:00 - 24:00,3,437,1,2019,{3A736772-2747-458E-B11F-F3FA28896EDD}
-74.093165563,4.57738534600003,29,1028,15001414,I,Estación Intermedia Av. Primero de Mayo,1,1,4,Troncal AV 10,L-D 05:00 - 24:00,2,228,1,2019,{FC1657D8-2266-4A63-90A7-F631D07EDA61}
-74.148315,4.55713900000001,30,1029,19012671,I,Estación TransMiCable Juan Pablo,1,1,19,Cable,L-D 05:00 - 24:00,3,44,1,2019,{4C7EF687-0CAB-41C3-A99F-F8AC3C32DEEF}
-74.151438,4.55119000000002,31,1030,19008801,I,Estación TransMiCable Manitas,1,1,19,Cable,L-D 05:00 - 24:00,3,52,1,2019,{9D4545E0-1EEB-4D65-B242-ABDDB7776E19}
-74.158873,4.549555,32,1031,19009103,I,Estación TransMiCable Mirador del Paraiso,1,1,19,Cable,L-D 05:00 - 24:00,3,82,1,2019,{1BEF0933-2F7A-431E-B2DD-7DCFA4C55CB0}
-74.044284,4.68112400000001,33,1032,2000148,F,City Parking Edificio Pijao,2,1,2,AK 11 # 98 07,L-D 24h,8,90,1,2016,{4457AC33-A1CC-47E6-9F3E-A31A1A7E4C13}
-74.039336,4.68017999900002,34,1033,1006461,F,City Parking Capital Tower,2,1,2,AC 100 #7 33,L-V 05:30 - 22:00  S 06:00 - 14:00,8,80,1,2016,{6668C19D-10C6-45A5-892B-272F909898B4}
-74.046241,4.68373600000001,35,1034,1005818,F,City Parking MegaTower,2,1,2,AC 100 # 13 21,L-S 06:00 - 21:00,8,126,1,2016,{6CDA6D18-4DC2-411A-87F8-6EBA79739231}
-74.049065,4.70479599999999,36,1035,1008117,F,City Parking 125,2,1,1,AK 19 # 125 17,L-V 06:00 - 22:30   S 07:00 - 23:00   D-F 07:00 -*,8,50,1,2016,{2BB74C0B-5ED7-46AB-A4AA-595CA94CC4EA}
-74.049459,4.70242000000002,37,1036,1004594,F,Centro Comercial Santa Barbara Drive,2,1,1,AK 19 # 122 49,L-D 06:00 - 22:00,8,40,1,2016,{64FD53FC-C1D7-476C-9F9E-6E2311C92681}
-74.033824,4.694053,38,1037,1008412,F,Fundacion Santa Fe,2,1,1,AC 116 # 7 02,L-D 24h,8,52,1,2016,{875E6906-62D7-46EF-8F7E-4FC77BEB1859}
-74.032186,4.69611800000001,39,1038,1005061,F,City Parking Medical Center,2,1,1,CL 119 # 7 14,L-D 24h,8,21,1,2016,{0629422C-DB6C-48E6-B1DD-31B4092974E6}
-74.056267,4.67004900000001,40,1039,2000589,F,Terminal de Transporte Country 85,2,1,2,CL 85 # 16 07,L-D 24h,8,60,1,2016,{F9163DE2-8BE9-4FC0-A8FB-8781D87B1541}
-74.053244,4.67400600000002,41,1040,2000458,F,City Parking Torre Zimma,2,1,2,KR 15 # 88 64,L-V 06:00 - 22:00  S 07:00 - 16:00,8,79,1,2016,{37BFD423-89E8-4F0A-B305-F0713F98E5E6}
-74.051902,4.68789399999997,42,1041,1005619,F,City Parking BodyTech Plaza,2,1,1,AK 19 # 102 31,L-V 04:00 - 22:00   S 05:30 - 21:00,8,22,1,2016,{FC11A5DA-9307-41EB-8603-AC9D63E2E0B8}
-74.116915466,4.68027363800002,43,3358,10011692,F,City Parking World Business Center,2,1,10,AK 85A 46A-45,L-V 06:00 - 20:00   S-D 06:00 - 14:00,4,24,1,2024,{2F17DB15-24AC-4E0F-BDE2-C369392A966F}
-74.070519,4.61514599999998,44,1043,3000315,F,Porvenir,2,2,3,KR 13 # 26 A 65,L-V 07:00 - 20:00,8,36,1,2016,{9DBCD9C4-489A-437E-97BE-D0CC60E3B4B6}
-74.072058,4.65408699900001,45,1044,12002632,F,Universidad del Rosario - Sede Quinta de Mutis,2,2,12,KR 24 # 63 C 69,L-V 07:00 - 20:00  S 07:00 - 14:00,8,250,1,2016,{09A47CE8-E49B-457C-805D-0BD5206D39A3}
-74.048377,4.67360000000002,46,1045,2000429,F,Microsoft,2,2,2,CL 92 # 11 51,L-V 07:00 - 20:00,8,25,1,2016,{92983286-7566-4D73-9F69-3DE2092B23D5}
-74.073113,4.600436,47,1046,17000059,F,Universidad del Rosario,2,2,17,CL 12C # 6 25,L-V 07:00 - 20:00,8,185,1,2016,{1F25404D-A4F6-40F4-8EBA-D7D3ABBC1314}
-74.061703,4.70885800000002,48,1047,11014197,F,Bavaria,2,2,11,KR 53A # 127 35,L-V 07:00 - 22:00,8,99,1,2016,{9071431D-CCD8-4B83-8965-C0D658D82EFA}
-74.066395,4.60144500000001,49,1048,17000023,F,Universidad de los Andes,2,2,17,KR 1 # 18 A 12,L-V 07:00 - 22:00,8,440,1,2016,{F91BF9CD-A5D0-4A44-A6D3-7D30B0508669}
-74.049286,4.67516000000001,50,1049,2002187,F,Parking International Hotel Atton,2,1,2,CL 93 # 12 41,L-J 08:00 - 17:00  V-S 09:00 - 21:00,8,16,1,2016,{87F9D00B-0C29-43D1-9007-660F6D357304}
-74.065942,4.63448,51,1050,2001837,F,City Parking Universidad Catolica de Colombia,2,1,2,AK 13 # CL 47 30,L-V 05:30 - 21:23  S 06:00 - 18:00,8,40,1,2016,{206FD93D-554D-4A4F-94B8-34F1D236D6A8}
-74.057372,4.65435100000002,52,1051,2001187,F,Parking International Claustro de la Enseñanza,2,1,2,CL 70A # 8 00,L-D 24h,8,54,1,2016,{BAAEF342-EEEA-40B2-B929-756769CEF878}
-74.070063,4.61098600000003,53,1052,3002336,F,Torre Colpatria,2,2,3,KR 7 24 89,L-V 05:30 - 22:00  S 06:00 - 14:00,8,265,1,2016,{A2D6927E-9D7D-4894-B147-37608F28AEB4}
-74.041619,4.78341799999998,54,1053,1006271,F,Universidad Escuela Colombiana de Ingenieria,2,2,11,AK 45 205 59,L-D 08:00 - 20:00,8,200,1,2016,{4A199B7F-145F-4155-9A03-BE1F1D1F8157}
-74.094948,4.641435,55,1054,13002758,F,Instituto Nacional de Salud,1,1,13,CL 26 51 20,L-V 07:00 - 20:00,8,45,1,2017,{62FAE4C7-8EA1-418E-8ABD-B555500C2AA5}
-74.045163,4.761886,56,1055,1006377,F,Centro Comercial Santafé,2,1,11,AK 45 183 49,L-D 06:00 - 11:00,8,370,1,2017,{D996AA4C-9FF0-483F-B1ED-704DEC87B010}
-74.063135,4.62905499999999,57,1056,2002073,F,Universidad Pontificia Universidad Javeriana,2,2,2,KR 7 40 62,L-V 06.00 - 22:00   S-D 06:00 - 12:00,8,382,1,2017,{159F6C1F-6E52-42E3-8F80-2C09C5C22E3A}
-74.029017,4.71529600000002,58,1057,1006341,F,Centro Comercial Palatino,2,1,1,AK 7 138 33,L-D 07:30 - 02:00,8,50,1,2017,{AD76CFA3-01EF-446F-BE86-3C1842E297F1}
-74.062508,4.72287499999999,59,1058,11008720,F,Centro Comercial Paseo San Rafael,2,1,11,CL 134 55 30,L-D 06:00 - 22:00,8,110,1,2017,{A2D3DBAF-5DFE-4BD7-AF44-9FAA714F52F1}
-74.053922,4.66660400000001,60,1059,2000755,F,Centro Comercial Andino,2,1,2,KR 12 82 71,L-J 08:00 - 23:00   V-D 08:00 - 01:00,8,400,1,2017,{6D9868EA-C133-4319-B315-B3B1C6FDAA4F}
-74.095371,4.74859199899998,61,1060,11014520,F,Centro Comercial Plaza Imperial,2,1,11,AK 104 148 07,L-D 07:00 - 22:00,8,180,1,2017,{DF7185E7-C2AD-4013-9733-367A3654753A}
-74.085545,4.73772100000002,62,1061,11005573,F,Centro Comercial Centro Suba,2,1,11,CL 145 91 19,L-D 07:00 - 21:30,8,200,1,2017,{02B62981-E670-44C7-AABC-B3A806AADF24}
-74.155412,4.64176900000001,63,1062,8002084,F,Centro Comercial Tintal,2,1,8,AK 86 6 37,L-D 6:00 - 23:00,8,100,1,2017,{E2402822-0784-4107-BF6A-C5BCA1D25372}
-74.137206,4.61844300000001,64,1063,8007379,F,Centro Comercial Plaza de las Americas,2,1,8,KR 71 D 6 94 SUR,L-D 05:00 - 23:00,8,562,1,2017,{1B6EDDD3-D949-4100-B577-6D1584DB3820}
-74.123157,4.59166900000002,65,1064,15000396,F,Centro Comercial Centro Mayor,2,1,15,CL 38 A SUR 34 D 50,L-D 06:00 - 22:00,8,1100,1,2017,{D25CE694-F39F-4052-A7F3-5C76E4C128DF}
-74.094288,4.68649499999998,66,1065,10011876,F,Edificio Av. Chile,2,2,2,CL 72 7 21,L-D 24h,8,300,1,2017,{B17971F0-AC49-495C-A91E-87A845E587FE}
-74.068657,4.60560900000002,67,1066,3000600,F,Universidad Central (Sede Centro),2,2,3,CL 21 4 40,L-S 06.00 - 22:30   D 06:00 - 16:00,8,126,1,2017,{E63D9EC3-08F9-4C82-89B9-34D893329694}
-74.093933,4.64659899899999,68,1067,13000615,F,Tribunales - Rama Judicial,1,1,13,KR 57 43 91,L-V 07:00 - 20:00,8,60,1,2017,{8480E1F9-7EE7-4D71-8CD8-2BA091AF7D9F}
-74.099127,4.64028999999999,69,1068,13002870,F,Tribunales - Cundinamarca,1,1,13,AC 24 53 28,L-V 07:00 - 20:00,8,93,1,2018,{97801623-1CF0-4708-99D0-583ED7260346}
-74.066834,4.73426599999999,70,1069,11013349,F,Centro Comercial Parque La Colina,2,1,11,KR 72 145 2,L-D 06:30 - 22:30,8,356,1,2018,{531B7885-32D2-48DD-96EF-ED8BD86A705F}
-74.131094,4.68922500000002,71,1070,9004084,F,Corporación de la Industria Aeronautica Colombiana,2,2,9,AC 26 103 08,L-V 07:00 - 20:00,8,48,1,2018,{54969658-7F4F-4DBC-9A2E-EDB53A5432B9}
-74.113289,4.64777900000001,72,1071,9003970,F,Corporación Colombiana de Logística,2,2,9,AC 22 68 B 75,L-V 07:00 - 20:00,8,35,1,2018,{4DC85DA7-4379-4AD5-9864-C0C79695FF41}
-74.052006,4.67907400000001,73,1072,2000242,F,Novartis,2,2,2,CL 93 B 16 31,L-S 07:00 - 20:00,8,70,1,2018,{2DC14628-44DB-44C2-9D65-59599B77FF98}
-74.061073,4.64648,74,1073,2001473,F,Idipron,1,1,2,CL 61 7 78,L-V 07:00 - 20:00,8,24,1,2018,{6592C13E-B23C-4BDD-AE4A-062290264295}
-74.113439,4.674759999,75,1074,10009142,F,Idiger,1,1,10,DG 47 77 A 09 Int.11,L-V 07:00 - 20:00,8,55,1,2018,{5D6B1207-47E4-4A53-89AF-63AD3043ED80}
-74.070404,4.60557699999998,76,1075,3000601,F,City Parking Bacata,2,1,3,CL 20 5 63,L-D 24h,8,82,1,2018,{0A868E7B-A70C-41A0-B74B-027FF99F65A1}
-74.060392,4.66233999999997,77,1076,2000925,F,Universidad Central (Sede Norte),2,2,2,CL 75 16 03,L-V 06:00 - 22:00,8,108,1,2018,{18D91071-363F-463D-8162-1BBA95346FC6}
-74.053931,4.67487499999999,78,1077,2000398,F,Terminal de Transporte Chico Calle 90,2,1,2,CL 90 16 05,L-D 06:00 - 22:00,8,59,1,2019,{D6B4BC8B-3CC2-42E6-9791-C9FDAA60AEFE}
-74.066037,4.64991399899998,79,1078,13000298,F,City Parking Park 63,2,1,12,CL 63 15 32,L-D 24h,8,16,1,2019,{B0059294-520C-428C-859E-0EE9FD2EB389}
-74.062277,4.65017899999998,80,1079,2001330,F,City Parking Calle 64,2,1,2,CL 64 10 64,L-D 24h,8,20,1,2019,{5D4DFD99-8E96-408D-8929-DC82FFA7604F}
-74.049619,4.67792600000001,81,1080,2000293,F,City Parking Calle 93 B,2,1,2,CL 93B 13 55,L-D 06:00 - 24:00,8,18,1,2019,{0D30E9FF-F90A-456A-B3B2-FD934B3958F6}
-74.048436,4.68170199899998,82,1081,2000124,F,Terminal de Transporte Chico 97,2,1,2,KR 14 96 55,L-S 06:00 - 22:00,8,56,1,2019,{61DEF71D-67AB-4EEA-8B9F-84670643BD49}
-74.043533,4.68032399999998,83,1082,2000185,F,City Parking Bogotá Trade Center,2,1,2,KR 10 97 A 13,L-S 07:00 - 16:30,8,12,1,2019,{3E0BF9C6-7CEC-40CB-B9FE-A296F17FF1D8}
-74.068907,4.59561600000001,84,1083,17000210,F,Universidad Externado,2,2,17,CL 12 1 17 Este,L-V 05:30 - 22:00   S 06:00 - 18:00,8,104,1,2019,{09CD5205-B8B1-4035-9294-B41FFFA32F38}
-74.066162,4.63374499999998,85,1084,2001875,F,Universidad Católica,2,2,2,KR 13 46 55,L-V: 5:30 - 22:00,8,38,1,2019,{6E39D752-9EC6-4150-A8F9-4FCC7603DAB2}
-74.024128,4.73270100000002,86,1085,1002897,F,City Parking Centro Empresarial North Point,2,1,1,KR 7 156 80,L-S 05:30 - 22:00  D-F 06:00 - 21:00,8,36,1,2019,{30BE9C94-6E40-4E2C-93A2-EBE6C1638C43}
-74.050551,4.72014100000001,87,1086,1003846,F,City Parking BIOS,2,1,1,KR 23 134A 21,L-J 05:00 - 23:00  V 05:00 - 21:00  S 07:00 - 18:*,8,18,1,2019,{A3C01AB1-0ED9-4917-BA91-E8D40CE87D41}
-74.053982,4.70415600000001,88,1087,1007808,F,City Parking Cruz Verde 123,2,1,1,KR 45 123 14,L-V 5:30 - 21:00 S 6:00-21:00D-F 07:00 - 17:00,8,24,1,2022,{881851FC-2024-403D-9E9B-B5C9E69F52AC}
-74.050655,4.70590800000002,89,1088,1004363,F,City Parking Pluss 127,2,1,1,CL 127 20 16,L-V 06:00 - 21:00  S 06:00 - 16:00,8,111,1,2019,{E978A236-14DF-4998-8AC9-A5D84DC59EA6}
-74.048956,4.70664199999999,90,1089,1008087,F,City Parking Imagen 127,2,1,1,CL 127 Bis 19 25,L-V 06:00 - 21:00  S 06:00 - 14:00,8,57,1,2019,{26F82F4E-418C-4F5A-8A3D-135A4CA248F9}
-74.050923,4.69276100000002,91,1090,1008088,F,City Parking AK 19 con 105,2,1,1,KR 19 105 52,L-S 06:00 - 22:00,8,20,1,2019,{308242D4-1DFC-4A0D-ADB4-E2C951BA80C8}
-74.042083,4.68096500000001,92,1091,2000150,F,Edificio Citibank,2,2,2,KR 9A 99 02,L-D 24h,8,120,1,2019,{60FEF59E-59DC-4F91-AFF8-21A01518BB7E}
-74.066123,4.64065900000003,93,1092,2001696,F,Unidad Administrativa Especial de Servicios Públi*,1,1,2,AV. CARACAS 53 80,L-V 07:00 - 20:00,8,33,1,2019,{035B9C6C-9801-4286-B713-9F4DD8A83E34}
-74.087331,4.66270100000003,94,1093,12003236,F,Secretaría de Desarrollo Económico - Plaza de los*,1,1,12,KR 60 63A 52,L-V 07:00 - 20:00,8,70,1,2019,{0A9106C1-F160-43D9-9F15-351464E6B3C1}
-74.0386,4.67966200000001,95,1094,1006463,F,Capital Tower Administracion,2,2,2,AC 100 7 33,L-V 05:30 - 22:00  S 06:00 - 14:00,8,77,1,2019,{512429B6-AC82-476A-A52E-2311DDA5EA0D}
-74.093421,4.61564600000003,96,1095,16001596,F,Secretaría Distrital de Salud,1,1,16,KR 32 12 81,L-D 24h,8,80,1,2019,{93150E34-6A7E-4727-BC91-2306D081F126}
-74.06522,4.639297,97,1096,2001739,F,Secretaría Distrital de Hábitat,1,1,2,KR 13 52 25,L-V 06:00 - 20:00,8,68,1,2019,{3323FDAB-A403-4487-AC8C-5F14ADE8A5CB}
-74.032949,4.69451099999998,98,1097,1005214,F,City Parking Edificio Flormorado,2,1,1,CR 7 116 44,L-D 24h,8,166,1,2019,{E4B4C2DF-FDD3-43FB-8128-4BEFA2D85EF8}
-74.032295,4.694546,99,1098,1005176,F,City Parking Edificio Flormorado,2,1,1,CL 117 6A 60,L-D 24h,8,72,1,2019,{551D859B-D472-4B65-929F-81CE8400AC13}
-74.097752,4.61958499999997,100,1099,16001083,F,Secretaría Distrital de Movilidad,1,1,16,AC 13 37 35,L-S 5:30 - 22:00  D 08:00 - 16:00,8,112,1,2019,{5BCD9176-56B4-4F56-BC86-6B57791C9D3A}
-74.050454,4.69617499999998,101,1100,1005023,F,Edifico Old Mutual - Skandia,2,2,1,AV 19 109A 30,L-V 5:30 - 22:00  S 06:00 - 14:00,8,90,1,2019,{E6E8C480-15AA-4D81-809D-455E050D89C4}
-74.069252,4.62752399999999,102,1101,13002031,F,Orquesta Filarmónica de Bogotá,1,1,13,CL 39 Bis 14 32,L-S 6:30 - 22:00,8,34,1,2019,{3627FB8D-3EEC-43E7-9035-FB4741485828}
-74.055498,4.656660999,103,1102,2001097,F,JW Marriot Hotel,2,2,2,CL 73 7 88,L-D 24h,8,198,1,2019,{69ED0F64-0B70-4C8C-B6ED-E3743033A0ED}
-74.067708,4.62431500000002,104,1103,3002240,F,"Ecopetrol Dirección General
",2,2,3,KR 13 36 24,L-D 24h,8,128,1,2022,{94336758-D4D6-4EC5-95E5-53215A733C53}
-74.179824,4.59705700000001,105,1104,19000003,F,Idipron UPI Bosa,1,1,7,KR 77G 63 35 SUR,L-V 07:00 - 20:00,8,24,1,2019,{07EA40F8-EFF2-43C3-9BCE-53A738268A3C}
-74.076757,4.609174999,106,1105,14000487,F,Idipron UPI Conservatorio Javier de Nicoló,1,1,14,DG 18 16A 13,L-V 07:00 - 18:30  S 8:00 - 12:30,8,24,1,2019,{FB167B73-E3EE-47F1-A91D-5D44B62E4B15}
-74.042558,4.68054100000001,107,1106,2000178,F,City Parking Ecotek 99,2,1,2,CL 99 10 33,L-V 06:00 - 20:00  S 06:00 - 13:00,8,77,1,2019,{5FD737B9-F6BB-46A2-822C-E965A2C8D798}
-74.038774,4.679327,108,1107,2002519,F,City Parking Corpbanca,2,1,2,CL 99 7A 44,L-V 5:30 - 22:00  S 06:00 - 14:00,8,110,1,2019,{CED092B1-A8E6-4A39-BC63-67539F0CDD7C}
-74.066648,4.62259799999998,109,1108,3000043,F,Banco de Bogota,2,2,2,CL 36 7 47,L-V 06:00 - 20:00,8,85,1,2019,{8B92E09E-5D75-4B50-A8B6-87FE52B3F093}
-74.114653,4.654066,110,1109,9003860,F,Terminal de Transportes Salitre,1,1,9,DG 23 69A 55,L-V 5:30 - 22:00  S 06:00 - 14:00,8,100,1,2019,{E5849DB8-4FA6-41EC-9D40-4B90BAEC8E89}
-74.162242,4.59150399999999,111,1110,19000502,F,Idipron UPI Perdomo,1,1,19,AK 70C 60B 05 SUR,L-V 07:00 - 15:30  S 8:00 - 12:30,8,50,1,2019,{61D679E1-A837-471A-8BB8-2F84D1BD402C}
-74.027317,4.72329999900001,112,1111,1003678,F,City Parking Centro Comercial Show Place,2,1,1,AC 147 7 70,L-V 04:00 - 24:00   S-D-F 06:00 - 22:00,8,20,2,2016,{54B51A8C-6C6B-450C-89FF-E4B6C48FDFDC}
-74.043666,4.70399700000002,113,1112,1004478,F,Centro Comercial Metro 127,2,1,1,CL 127 15 A 03,L-D 06:00 - 22:00,8,27,2,2016,{57A1B546-2441-49C8-B2A3-7661AE5A3EAF}
-74.050326,4.69563299999999,114,1113,1007023,F,City Parking Calle 109,2,1,1,AK 19 109 50,L-S 06:00 - 22:00  D-F 06:00 - 18:00,8,8,2,2016,{F93E7EFD-4D40-4173-BB5D-1E63B538FA39}
-74.060531,4.64669500000002,115,1114,2001472,F,City Parking Bodytech Chapinero,2,1,2,KR 7 61 47,L-D 24h,8,18,2,2016,{BDF08739-96A7-46C2-9D63-BB522656CB16}
-74.057451,4.643687,116,1115,2001572,F,Universidad Manuela Beltran,2,2,2,AV Circunvalar 60 00,L-V 06:00 - 22:30  S 06:00 - 19:00,8,20,2,2016,{7413DBD5-1F0C-495A-AB5A-BF8115A6D370}
-74.049902,4.67195900000002,117,1116,2000508,F,City Parking Carrera 11 A,2,1,2,KR 11 A 88 49,L-M 06:00 - 23:00 J-S 06:00 - 03:00 D-F 08:00 - 1*,8,15,2,2016,{EADF3BEB-6072-4C42-8F35-47E0F2653A6A}
-74.159483,4.61848099999997,118,1117,8007238,F,City Parking Bodytech Kennedy,2,1,8,TV 78 J 41 F 05 SUR,L-J 05:00 - 23:00  V 05:00 - 21:00  S 07:00 - 18:*,8,42,2,2016,{3DCA05CC-E3DE-4163-A082-19A764B32815}
-74.108349,4.59790299899998,119,1118,15001554,F,City Parking Bodytech Sultana,2,1,15,CL 12 SUR 31 37,L-J 05:00 - 23:00  V 05:00 - 21:00  S 07:00 - 18:*,8,32,2,2016,{1F5A45A8-DC56-4524-8138-D6825EAFFAC3}
-74.110125,4.66830199999998,120,1119,10011508,F,City Parking Bodytech Normandia,2,1,10,AK 72 49 15,L-V 05:00 - 23:00  S-D 06:00 - 17:00,8,36,2,2016,{8D422AC6-FE87-48BE-9890-8228FE223D3F}
-74.064597,4.68782099999999,121,1120,12003318,F,Centro Comercial Iserra 100,2,1,12,TV 55 98 A 66,L-V 07:00 - 22:00  S 08:00 - 21:00,8,197,2,2016,{882437FF-6DC3-457F-A0C9-7FD1F38E11D7}
-74.144267,4.67444599999999,122,1121,9002324,F,Centro Comercial Fiesta Fontibon,2,1,9,KR 100 18 59,L-S 08:00 - 20:00  D-F 09:00 - 19:00,8,21,2,2016,{51CDBEA1-A7E7-476E-889E-03EA71FCC144}
-74.047286,4.679507,123,1122,2000239,F,City Parking Calle 95,2,1,2,CL 95 11 A 67,L-S 06:00 - 20:00  D-F 10:00 - 16:00,8,20,2,2016,{C264E1E4-DB84-40B4-8A71-D07F3245215C}
-74.047276,4.674757,124,1123,2000420,F,Sura,2,2,2,KR 11 93 46,L-V 07:00 - 20:00,8,30,2,2016,{6D2CB0A2-B398-498E-8D7E-213FD208DB31}
-74.086616,4.69574899999998,125,1124,10010119,F,Centro Comercial Titan,2,1,10,AK 72 80 94,L-D 06:00 - 22:00,8,350,2,2017,{69B018B3-C62D-411C-852E-2B6C9772F56B}
-74.071882,4.63216799899999,126,1125,13001631,F,Aparcar A.G.,2,1,13,CL 43 A 18 A 40,L-V 06:00 - 19:30  S 06:00 - 14:00,8,30,2,2018,{110F9279-3767-46A0-90DA-E5D3A3281A4D}
-74.074874,4.63615299999998,127,1126,13001313,F,Parqueadero Palermo,2,1,13,KR 24 45 C 20,L-S 06:00 - 22:00,8,25,2,2018,{273AE0F8-F305-484C-A058-D199CFDA4423}
-74.075608,4.64060000000001,128,1127,13001120,F,Parqueadero Los Magnificos,2,1,13,KR 26 51 63,L-S 07:00 - 19:00,8,12,2,2018,{A1E96A4B-745D-4E91-BF18-2AEE579DF134}
-74.099616,4.58738499999998,129,1128,15000936,F,Famar,2,2,15,CL 14 A 18 74 SUR,L-D 06:00 - 20:00,8,12,2,2018,{71961C0D-7A11-4E54-82B3-E79AE0EC47D4}
-74.092982,4.57286699999997,130,1129,4000572,F,Auto servicio Rincon,2,1,4,CL 22 A 7 39 SUR,L-V 07:00 - 20:00,8,15,2,2018,{445E24DE-14C7-4708-A5B4-E546C3E401CB}
-74.172137,4.58749399999999,131,1130,19001370,F,Rincón de Galicia Michel,2,1,19,TV 73 J 62 H 51 SUR,L-V 07:00 - 20:00,8,12,2,2018,{F46F7BA4-71B5-41AD-8AA7-A334B97CE403}
-74.076024,4.59924000000001,132,1131,17000113,F,El Palacio del Centro,2,1,17,KR 8 11 45,L-V 06:00 - 20:00  S: 7:00 - 19:00  D-F 08:00 - 1*,8,12,2,2018,{AE1DFF47-6D7D-4E5B-94E2-9D4506E56F37}
-74.069994,4.61040600000001,133,1132,3002336,F,Parqueaderos del Futuro,2,1,3,KR 7 24 70,L-V 07:00 - 22:00,8,25,2,2018,{59AC3F80-3E6D-4C7A-BD5B-931925918FFD}
-74.072299,4.611132,134,1133,3000412,F,Parking Motos San Diego,2,1,3,CL 24 12 65,L-D 05:30 - 20:00,8,30,2,2018,{5C33BDAE-0C93-42A9-B47B-9BED29FBAD9B}
-74.065128,4.605008,135,1134,3000623,F,Parqueadero Tequendama,2,1,3,KR 1 20 A 50,L-V 06:00 - 20:00  S 06:00 - 16:00,8,12,2,2018,{B5C80CB4-EADB-41FA-BA56-4ED8DB3103B2}
-74.05134,4.69121100000001,136,1135,1008104,F,Park Castellena 104,2,1,1,AK 19 104 49,L-V 05:30 - 21:30  S 06:00 - 21:00  D-F 08:00 - 1*,8,13,2,2018,{F74FBE18-68A4-4049-ADF2-6B76DE80D413}
-74.04264,4.72199499999999,137,1136,1003742,F,Comercial Papelera S.A. Calle 140,2,1,1,CL 140 16 32,L-D 10:00 - 22:00,8,20,2,2018,{C6ED9445-C606-44B7-8E32-A6F595FE356C}
-74.075029,4.61192699999998,138,1137,14000336,F,Fast Parking LTDA.,2,1,14,CL 23 14 24,L-D 24h,8,12,2,2018,{14B92B04-A8C3-44D0-98BA-B8C777BCBAEE}
-74.090554,4.611717,139,1138,14000357,F,Parqueadero Las Mercedes / Congragación Padres V.,2,1,14,CL 12 B 27 64,L-D 24h,8,10,2,2018,{7E16CAD9-12D6-49F7-BB5C-C2A0028A42BF}
-74.085799,4.60708,140,1139,14000595,F,Centro Comercial Sabana Plaza / Parking Estación *,2,1,14,KR 19 A 12 51,L-S 07:00 - 20:00  D-F 09:00 - 17:00,8,86,2,2018,{3FA8AE3F-BFD8-41D3-BC0C-D2378260BF75}
-74.080283,4.60373600000003,141,1140,14000758,F,Solo Motos El Paisa,2,1,14,CL 13 14 23,L-S 10:00 - 19:00  D-F 10:00 - 16:00,8,12,2,2018,{AB67D58C-16EF-4EDB-8B8D-453A0020015A}
-74.082392,4.61571400000003,142,1141,14000230,F,Cancha Sintética,2,2,14,KR 22 19 70,L-V 07:00 - 20:00,8,14,2,2018,{4EC15CD5-FFAD-4A92-986B-2C4949D65D4F}
-74.075623,4.60772400000002,143,1142,3000520,F,Parqueadero Público Lima,2,1,3,KR 13 18 61,L-V 07:00 - 19:30  S 08:00 - 19:00,8,14,2,2018,{85ED5C7F-267F-44B5-AE75-9C846CCDED59}
-74.062105,4.66104200000001,144,1143,12002201,F,Punto Verde,2,1,12,CL 73 20 39,L-V 07:30 - 18:00,8,13,2,2018,{31D55DC0-438E-4C3A-9A3A-AB4752D0651D}
-74.064155,4.641907,145,1144,2001643,F,Parqueadero P y T,2,1,2,CL 55 10 43,L-S 07:00 - 20:00,8,12,2,2018,{FF0F9743-29BE-4F64-8CF1-5598837CB576}
-74.071076,4.61017800000002,146,1145,3000455,F,City Parking Intercentro,2,1,3,KR 9 23 75,L-S 06:00 - 22:00,8,26,2,2018,{604D6D42-0647-400E-A9AD-D5F5B25EA1E8}
-74.050483,4.675701,147,1146,2000371,F,City Parking Hotel Best Western,2,1,2,CL 93 13 71,L-V 06:00 - 22:00  S 06:00 - 21:00,8,15,2,2018,{8137C9B3-59F2-400E-8926-25D8F7A47848}
-74.05188,4.67690199999998,148,1147,2000321,F,City Parking Carrera 15,2,1,2,KR 15 93 07,L-S 06:00 - 22:00,8,14,2,2019,{DC06D28B-6EC1-4343-BF8F-AEFA38391046}
-74.061823,4.64370400000001,149,1148,2001575,F,City Parking Surtifruver Chapinero,2,1,2,KR 7 58 18,L-V 06:00 - 22:00  S 06:00 - 23:00  D-F 08:00 - 2*,8,14,2,2019,{3CB95BB6-B2B1-422E-B3B6-32AB4A5E0198}
-74.048827,4.67568399999999,150,1149,2000390,F,City Parking Parque 93,2,1,2,KR 12 93 43,D-M 06:00 - 24:00  J-S 24 h,8,16,2,2019,{19310345-F9C2-43CA-A499-8B44E2837F91}
-74.049247,4.68240499900003,151,1150,2000089,F,City Parking Calle 97,2,1,2,CL 97 15 21,L-S 06:00 - 19:00  D 09:00 - 17:00,8,12,2,2019,{3562B0D8-A8DA-47E0-8CF5-21DFD462909E}
-74.046069,4.683786,152,1151,1005818,F,City Parking Cl 100,2,1,1,CL 100 13 67,L-S 06:00 - 22:00  D-F 08:00 - 18:00,8,12,2,2019,{17DFB705-5A2D-420F-99CB-FF7EE44C4ADA}
-74.107121,4.65833999900002,153,1152,9004506,F,City Parking Elemento,2,1,9,CL 26 69 76,L-D 24h,8,216,2,2019,{283C2F65-1B2D-4037-8D29-437864BA3EEF}
-74.046132,4.69769299900003,154,1153,1004963,F,City Parking Pepe Sierra,2,1,1,KR 17 116 14,L-J 06:00 - 20:00  V-S 06:00 - 23:00  D-F 010:00 *,8,12,2,2019,{04D91810-9D0A-4BD8-A102-873C0D34DFAC}
-74.046916,4.68770499999999,155,1154,1005641,F,City Parking Bogota Business Center,2,1,1,CL 103 14A 53,L-V 5:30 - 21:00,8,60,2,2019,{8F6B13E4-4E5D-4E6E-9D28-2E1C11C210A7}
-74.074774,4.65339999999998,156,1155,12002646,F,Idipron Calle 63,1,1,12,KR 27A 63B 07,L-V 07:00 - 20:00,8,12,2,2019,{2EB52351-DB52-4F13-B17E-57A4A9032A09}
-74.123698,4.57505600000002,157,1156,18001829,F,Idipron UPI Santa Lucía,1,1,18,DG 44 SUR 19 21,L-V 07:00 - 20:00,8,22,2,2019,{7E1A0200-4BD7-4BFE-9BB0-2365EC1A054D}
-74.116418,4.62983300000002,158,1157,16000298,F,City Parking Centro Comercial Outlet Factory,2,1,16,AV Americas 62 84,L-D 06:00 - 22:30,8,120,2,2019,{914027AC-664C-4930-BA72-62B8A6E67289}
-74.11496,4.634456,159,1158,16000092,F,City Parking Centro Comercial Zona Inn,2,1,16,CL 13 65 71,L-V 05:10 - 21:00  S-D-F 06:00 - 20:00,8,50,2,2019,{C489B47E-ADB7-4E0C-90F1-F51E5F882B91}
-74.049452,4.67688599899998,160,1159,2000320,F,City Parking QBO,2,1,2,CL 93A 13 24,L-S 06:00 - 23:00  D 09:00 - 21:00,8,12,2,2019,{7E7A6FC2-DF33-412B-8A3E-70BF0758789A}
-74.056029,4.66404899999998,161,1160,2000864,F,City Parking Torre 78,2,1,2,KR 12A 78 40,L-D 6:00 - 22:00,8,60,2,2019,{9A05755D-AAA9-4BC2-86B6-7F03F3B457A6}
-74.068727,4.63356399999998,162,1161,13001476,F,Universidad Católica,2,2,13,DG 46 TV 16 BIS,L-V: 6:00 - 22:00,8,90,2,2019,{19199425-2E4A-4897-8547-7B154DB57FFF}
-74.0556,4.65830599999998,163,1162,2001046,F,City Parking Crepes and Waffles,2,1,2,CL 74 9 21,L-V 06:00 - 20:00,8,12,2,2019,{C0CA91E8-62AF-4EC5-813A-4C8477BEFC96}
-74.051602,4.66658699999999,164,1163,2000775,F,City Parking Calle 84,2,1,2,KR 11 84 50,L-M 05:30 - 23:00  J-D 24 h,8,12,2,2019,{1A56B9D9-1A8B-4F2F-B8EE-0FC3179AC6E1}
-74.092256346,4.63802291799999,165,1164,13001289,F,RTVC,1,1,13,KR 45 26 33,L-D 24h,8,100,1,2022,{1216184A-0B32-4754-AE4F-75DBE0218280}
-74.098209305,4.68722057700001,166,1165,10007623,F,Alcaldía Local de Engativá,1,1,10,CL 71 73A 44,L-V 7:30 - 16:30,2,47,1,2022,{14F0EF4D-60C8-4186-99C7-BC799F6CA80A}
-74.143286596,4.674354397,167,1166,9002333,F,Alcaldía Local de Fontibón,1,1,9,KR 99 19 43,L-V 7:30 - 16:30,2,24,1,2022,{439D8026-17AA-4C05-8368-8CEDA919AFEC}
-74.084186197,4.74061562000003,168,1167,11004852,F,Alcaldía Local de Suba,1,1,11,KR 91 145A 32,L-V 7:30 - 16:30,2,27,1,2022,{471FC64F-3E7D-4B50-963B-47712FBC1BA2}
-74.049156151,4.70480968599998,169,1168,1004455,F,Novo Nordisk Colombia,2,2,1,CL 125 19 24,L-V 7:00 - 17:00,8,119,1,2022,{9CFC8FC0-07FE-416C-9FAB-149B05E23D54}
-74.130163463,4.68963084500001,170,1169,9004084,F,City Parking Buro 26,2,1,9,AC 26 102 20,L-D 24h,8,41,1,2021,{871EB26A-5F62-44C4-9AD6-2134AC018A47}
-74.13582539,4.692335136,171,1170,9004096,F,City Parking Cargo city,2,1,9,AC 26 106 39,L-D 24h,8,160,1,2021,{0B3EB07D-AF9B-45D6-93B4-950AA6A67753}
-74.127308602,4.68763705800001,172,1171,9000833,F,City Parking Hotel Marriot,2,1,10,CL 26 #96j- 90,L-D 24h,8,140,1,2021,{F2323360-38DF-4C79-B670-0C1B6B566B30}
-74.058695263,4.683050772,173,1172,12000342,F,City Parking Castellana,2,1,12,KR 45a 94 66,L-V 5:30 -23:00 S 5:30 -22:00 D-F 7:00 - 20:00,8,24,1,2022,{E6093EBD-BF08-47D4-9B61-41E0341A54F3}
-74.04253235,4.74844541300001,174,1173,1001358,F,City Parking Javesalud Toberin,2,1,1,KR 19b 166 96,L-V 5:30 - 22:00 S 5:30 - 16:00,8,24,1,2022,{DD251515-BC7A-4CAC-93E3-A40B01F6EF27}
-74.054110174,4.67031548,175,1174,2000630,F,City Parking Carrera 14,2,1,2,KR 14 85 85,L-Mi 6:00 - 22:00 J-S 6:00 - 15:00 D-F 8:00 - 16:*,8,26,1,2022,{FA08B8E8-E6D8-47CA-BA1D-D667B637BF26}
-74.054263366,4.65300272000002,176,1175,2001211,F,City Parking Rosales,2,1,2,KR 5a 70a-74,L-Mi 6:00 - 22:00 J-S 6:00 - 23:00 D-F 8:00 - 20:*,8,24,1,2022,{0097DDC5-64B4-4327-99F3-AF1931E30D76}
-74.098125357,4.642188836,177,1176,13001023,F,Centro empresarial Sarmiento Angulo,2,2,13,AV CL 26 54 41,L-V 8:00 - 17:30,8,401,1,2022,{2E0BA442-AD49-41FE-BB1B-170861BFE4D6}
-74.072248663,4.61543659099999,178,1177,3002394,F,Torres Atrio,2,1,3,Av Caracas x Cll 26,L-D 10:00 -17:00,8,343,1,2022,{3B645931-53E1-4666-9C71-7242C81A72D5}
-74.062426822,4.70933127299998,179,1178,11014195,F,Centro empresarial Colpatria,2,2,11,CL 127A 54A 45,L-V 8:00 - 18:00,8,392,1,2022,{5D9187DB-9162-47B4-84F0-121B2280D99F}
-74.057723388,4.66395041700002,180,1179,2000866,F,City parking Edificio Ecotek 14,2,1,2,KR 14 77A 21,L-V 8:00 - 18:00,8,128,1,2022,{9FFEBDFD-9A0B-466E-9850-318154947EB6}
-74.067541517,4.60573831599999,181,1180,3000592,F,Universidad Central,2,2,3,Cll 22 3 79,L-V 5:30 - 22:00  S 5:30 - 19:00,8,24,1,2022,{0C411194-26FF-497B-B772-527832E0E6F6}
-74.06538196,4.638873144,182,1181,2001767,F,City Parking SmartFit Chapinero,2,1,2,KR 13 51 57,L-J 5:00 - 22:00  V 5:00 - 21:00 S 7:00 -20:00  D*,8,26,1,2022,{E02CAD99-A602-4225-904D-641FE35AD7E6}
-74.052331282,4.67908144,183,1182,2000294,F,Edifico Fijar 93 - MTS,2,2,2,CL 93B 16 - 47,L-V 8:00 - 16:00,8,51,1,2022,{E2E22B4E-EEE5-4A92-A155-855CB9717C35}
-74.10099645,4.585629584,184,1183,15001027,F,Alcaldia Local de Antonio Nariño,1,1,15,CL 17 Sur 18 49,L-V 7:30 - 16:30,2,28,1,2022,{D88461FA-ABFD-4C8A-8CE4-FC8A67C2E5DF}
-74.114978993,4.58108702300001,185,1184,18000881,F,Alcaldia Local de Rafael Uribe Uribe,1,1,18,CL 32 Sur 23 62,L-V 7:00 - 16:30  S:8:00 - 12:00,2,38,1,2022,{AC5B0DD4-84D6-48B8-9119-6A66D1292487}
-74.064660521,4.64168083200002,186,1185,2001661,F,Alcaldia Local de Chapinero,1,1,2,KR 13 54 74,L-V 7:00 - 16:30,1,30,1,2022,{ABC949A1-5ECF-4BE8-BBCC-35B157806C46}
-74.071517625,4.60687650599999,187,1186,3000540,F,ETB- Sede Centro,1,1,3,KR 8 20 22,L-S 8:00 - 17:00,8,42,1,2022,{2D641E82-9ECE-4D2E-BE2B-A7FB56105D52}
-74.11281862,4.71204337900002,188,1187,10002271,F,ETB- Sede Bachue,1,1,10,CL 80 101 7,L-S 8:00 - 18:00,8,36,1,2022,{7C0646C9-E2D6-4ABC-95F2-3CEEEE71BAD1}
-74.12622435,4.57186158799999,189,1188,6001285,F,ETB- Sede San Carlos,1,1,6,TV 19 45B 38 Sur,L-S 8:00 - 17:00,8,36,1,2022,{4ED3C11C-C8BD-4612-BFB2-594624AAB38A}
-74.092151945,4.74430259899998,190,1189,11003693,F,Centro comercial Fiesta Suba,2,1,11,CL 147 101 56,L-S 7:00 - 20:00  D 8:00 - 20:00,8,107,1,2022,{E3C7FC9F-C157-4AC6-925B-85FEAA61E639}
-74.073937,4.71130900000003,191,1190,11010274,F,Centro Comercial Niza,2,1,11,KR 70 D 127 48,L-D 06:00 - 22:00,8,60,1,2018,{5C39D896-11F5-46DB-A2CE-20102E24C0F8}
-74.059322,4.65770600000002,192,1191,2001060,F,City Parking Calle 72,2,1,2,CL 72 11 61,L-S 06:00 - 22:00  D-F 10:00 - 18:00,8,24,1,2021,{B706E5FE-583B-4965-9CED-B8814EF0131A}
-74.039639,4.67956400000003,193,1192,2000225,F,Banco Itaú,2,2,2,CL 99 7A 44,L-V 5:30 - 22:00  S 06:00 - 14:00,8,65,1,2019,{07F630B5-DE8C-4C14-AA81-66BA159C87BF}
-74.046634,4.66544499999998,194,1193,2000806,F,City Parking Body Cabrera,2,1,2,CL 85 7 13,L-V 07:00 - 18:30  S 8:00 - 12:30,8,24,1,2021,{930F8FAA-5E0F-4D67-ACFA-3D34242A77FA}
-74.079478,4.59991600000001,195,1194,3000776,F,"Secretaría de Cultura, Recreación y Deporte",1,1,17,CL 9 9 63,L-V 07:00 - 18:00,8,43,1,2019,{811DDBAA-8BF9-4876-93E0-1B17FD6747C5}
-74.081948,4.62555800000001,196,1195,13002538,F,Secretaría Distrital de Hacienda,1,1,13,KR 30 25-90,L-S:7:00 - 20:00,8,334,1,2020,{2807A4E9-3E40-4EC0-8258-507B5C6C9519}
-74.099673,4.64435500000002,197,1196,13000777,F,Parking International Grand Hyatt,2,1,13,CL 24a 57 60,L-D 24h,8,190,1,2020,{A6B99461-A508-41C0-BBF1-2AC5E070D1E1}
-74.099875,4.63891699999999,198,1197,13001252,F,Parking International Fiscalía,2,1,13,KR 52 24 11,L-S 06:00 - 22:00 D-F 8:00 - 21:00,8,60,1,2020,{9C6FC68D-FBB3-49FF-9E91-02E2951B10C8}
-74.056819,4.66907500000002,199,1198,2000647,F,Parking International Clínica Country,2,1,2,KR 16 82 57,L-D 24h,8,60,1,2020,{1B04FD87-81F3-4A21-8987-DAE8DFB3BA50}
-74.039862,4.68044099999997,200,1199,1006460,F,Parking international Edificio Universal,2,1,2,CL 100 7ª 81,L-V 06:00 - 17:00 S 07:00 - 15:00,8,24,1,2020,{6EAB10E3-5225-491F-BC5A-AB78A26362EF}
-74.030959,4.70018399999998,201,1200,1004780,F,Parking International Fundación Santa Fe,2,1,1,CL 119 7 75,L-D 24h,8,150,1,2020,{60D0B14E-E4A8-4CEB-82D2-B9E7247C01D4}
-74.066209,4.601426,202,1201,17000023,F,Universidad de los Andes Edificio ML,2,2,17,KR 1 18 A 12,L-V 07:00 - 22:00,8,460,1,2021,{03B82DA7-6032-422C-AB67-57E203194935}
-74.065518,4.64221099899999,203,1202,2001620,F,Secretaría Distrital de Ambiente,1,1,2,AV Caracas 53-38,L-V 06:00 - 20:00,8,56,1,2021,{E70D5034-8FC1-417B-8E03-BD16D0C7D0A9}
-74.050784,4.72214899900001,204,1203,1003729,F,Punto IPES Alcalá,1,1,1,Autonorte 136-79,L-D 8:00 - 17:00,8,69,1,2021,{9A59123B-D4F4-4A04-9DC4-7A22610E27BE}
-74.068493,4.602666,205,1204,3000705,F,Punto IPES Aguas,1,1,17,CL 19 Bis 3-15,L-D 8:00 - 17:00,8,164,1,2021,{6D467193-61C5-4F83-8A5D-12B37CDD1108}
-74.134186,4.63018,206,1205,8013629,F,Punto IPES Mundo Aventura,1,1,8,AV Americas 71,L-D 8:00 - 17:00,8,72,1,2021,{CB282D46-D070-43F5-B18E-BA5F56C2B240}
-74.097106,4.64179999999999,207,1206,13001023,F,Gobernacion de Cundinamarca,1,1,13,AV. CL 26 51 53,L-S:7:00 - 20:00,8,250,1,2021,{116DF579-ABCE-4A7B-B6C9-CA98B4C703DE}
-74.041518,4.702383,208,1207,1008008,F,Centro comercial Unicentro,2,1,1,AK 15 124 30,L-D 8:00 - 22:00,8,270,1,2021,{EE8B5064-D082-45CF-8F53-EB8502C908EC}
-74.09111574,4.62018456800001,209,1208,16000972,F,EAAB - COA,1,1,16,KR 32 17 B 35,L-S:7:00 - 20:00,8,49,1,2021,{15904253-E655-4A09-ACCA-44CE44D7FF8A}
-74.091578397,4.62863389900002,210,1209,13001984,F,EAAB - Corferias,1,1,13,AC 24 37 15,L-S:7:00 - 20:00,8,123,1,2021,{19CEA1D9-1135-48E8-BDA2-0CAC4720E97F}
-74.038479387,4.69157517600001,211,1210,1005300,F,EAAB - Subcentral Usaquén,1,1,1,CL 110 9 80,L-S:7:00 - 20:00,8,36,1,2021,{2D7EC992-548F-488B-8730-FBA1EB1D18C0}
-74.121199486,4.57511481699999,212,1211,18001756,F,EAAB - Subcentral Santa Lucía,1,1,18,KR 14 41 70 sur,L-S:7:00 - 20:00,8,36,1,2021,{68DF086A-793F-4428-A976-E48F74826ECD}
-74.077127255,4.59858787299999,213,1212,17000142,F,Secretaria de Gobierno,1,1,3,KR 8 10 65,L-S:7:00 - 20:00,8,199,1,2021,{71D2E1DC-6903-4F28-B9C2-8E368D56AC9A}
-74.088197055,4.616059011,214,1213,14000179,F,Secretaría Distrital de Movilidad - Paloquemao,1,1,14,Kr 28 18 64,L-S:7:00 - 20:00,8,52,1,2021,{6375ED05-DBC0-44FD-BDB7-12715293AC23}
-74.055855422,4.66616149999999,215,1214,2000764,F,Centro comercial Atlantis,2,1,2,CL 80 13 06,L-D 8:00 - 22:00,8,120,1,2021,{A91A9CFB-E8EC-4C42-92A0-E244F40E91E8}
-74.106295867,4.659716688,216,1215,10009783,F,Johnson & Johnson,2,2,10,AC 26 69 76,L-V 06:00 - 20:00,8,52,1,2021,{D874D0EF-B5E6-4B16-B5F0-2D46533A218A}
-74.057780644,4.656987055,217,1216,2001080,F,Centro comercial y financiero Avenida Chile,2,1,2,CL 72 10 34,L-D 8:00 - 22:00,8,130,1,2021,{7A4DA0CB-57A6-40BA-B72E-1A311181B14E}
-74.115370095,4.632598352,218,1217,16000171,F,Centro comercial Plaza central,2,1,16,KR 65 11 50,L-D 8:00 - 22:00,8,537,1,2021,{E199E136-6897-4711-B2C1-D6B51B66A223}
-74.125091318,4.68104426500003,219,1218,9001682,F,City Parking Buro 25,2,1,9,DG 25g 95a 85,L-V 6:00 - 18:00 S 6:00 - 16:00,8,24,1,2021,{1C5662FA-C4F4-4368-86A7-B3361315C231}
-74.070664836,4.598114119,220,1219,17000147,F,City Parking Candelaria,2,1,17,CL 12c 03 32,L-S 5:30 -22:00 D-F 8:00 - 18:00,8,24,1,2021,{F72FA269-F0A8-4D98-AA43-43949C585A00}
-74.077686097,4.598114119,221,1220,17000149,F,City Parking Capuchino Plaza,2,1,17,KR 9 10 37,L-S 6:00 -22:00 D-F 7:00 - 19:00,8,24,1,2021,{C34149C2-557F-46FD-B825-48A3A968469E}
-74.051842946,4.67856654299999,222,1221,2000309,F,City Parking Calle 93,2,1,2,CL 93B 15 80,L-V 6:00 - 20:00 S 6:00 - 14:00,8,24,1,2021,{16150C5C-AE2F-4C41-ABDC-F5A935D03286}
-74.053332922,4.67957759799998,223,1222,2000280,F,City Parking Dann Carlton,2,1,2,CL 93B 19 44,L-S 6:00 -23:00 D-F 9:00 - 22:00,8,25,1,2021,{26C14DEB-8A3C-4160-9665-2ACC80E95107}
-74.070047583,4.60633130899998,224,1223,3000575,F,City Parking UNIV Central Carrera 5,2,2,3,CL 22 5 59,L-V 6:00 - 20:00 S 6:00 - 20:00 D-F 7:00 - 16:00,8,26,1,2021,{9949AC74-1537-4FC4-AE6F-04A59308AB1E}
-74.056424445,4.738862826,225,1224,11014052,F,City Parking Edimaz,2,1,11,KR 55 152B 68,L-V 5:00 -20 :00 S 7:00 - 17:00 D-F 7:00 - 17:00,8,26,1,2021,{CE39FC0A-C126-4ACC-8750-931C40D4D4D5}
-74.071673,4.61259999999999,226,1225,3000361,F,City Parking Fonade,2,1,3,KR 13 25 31,L-V 06:00 - 22:00  S 07:00 - 18:00,8,30,1,2021,{4CD03E91-429D-45B8-B31A-EF8986D5DECC}
-74.117155,4.63680999899998,227,1226,16004865,F,City Parking Calle 13,2,1,16,CL 13 66 70,L-D 24h,8,26,1,2021,{7F73390E-0D83-437A-A3BD-1927389F521F}
-74.046478,4.748266,228,1227,1001394,F,City Parking  Bodytech Autopista165,2,1,1,AK 45 166 56,L-J 05:00 - 23:00  V 05:00 - 21:00  S 07:00 - 18:*,8,26,1,2021,{D515F94A-E851-41B4-9499-CC346B90B3FB}
-74.044842,4.733766,229,1228,1002745,F,City Parking Cruz Verde Cedritos,2,1,1,AV 19 151 75,L-S 06:00 - 21:00  D 06:00 - 18:00,8,24,1,2021,{9EB2BC03-B85D-45D9-BCA2-1EDC33B00116}
-74.066085,4.72894600000001,230,1229,11014180,F,City Parking Bodytech Colina,2,1,11,CL 138 58 74,L-J 04:30 - 24:00  V 04:00 - 24:00  S 06:00 - 22:*,8,24,1,2021,{F5C31097-8CEB-4720-96C5-4DA9FD8AC86A}
-74.062838,4.75798400000002,231,1230,11000757,F,City Parking Biblioteca Julio Mario SantoDomingo,2,1,11,CL 170 67 51,L-D 08:00 - 20:00,8,65,1,2021,{8802C14C-7E00-400C-BA51-64D3E9C9C2D2}
-74.067984,4.62273199999998,232,1231,3000048,F,City Parking Olivos Candelaria,2,1,2,KR 13 34 83,L-D: 06:00 - 22:00,8,24,1,2021,{09A00D03-F8E8-459D-861C-D9CFB183638F}
-74.166406384,4.62111328100002,233,1232,8013944,F,SDIS - Centro de Desarrollo Comunitario Kennedy,1,1,8,KR 80 43 43 SUR,L-V 07:00 - 17:30,8,24,1,2021,{5460FF63-092F-4B9C-AAEB-EC01C295C988}
-74.081950405,4.62928909800002,234,1233,13001913,F,Contraloría y Lotería de Bogotá,1,1,13,KR 32a 26A 10,L-V 07:00 - 17:30,8,36,1,2021,{EC01788F-6B50-49C2-B62F-EC500ABFB5A4}
-74.076201557,4.59979566200002,235,1234,17000083,F,City parking calle 12,2,1,17,CL 12 #8-65,L-S 6:00 - 22:00 D-F 8:00 - 18:00,8,24,1,2021,{EFF03F8F-4C24-46A2-87CB-ACE6F87DD1ED}
-74.093642947,4.56909787699999,236,1235,4007321,F,City Parking 20 de Julio,2,1,4,CL 25B sur 5 87,L-D 24h,8,26,1,2021,{5A7E8B3C-6CA5-48D3-859D-3348E3798100}
-74.099878662,4.63091885599999,237,1236,16000224,F,City Parking Ortezal,2,1,16,Kr 46 20c 84,L-D 24h,8,24,1,2021,{3C4C91B4-AB19-4C44-A4AA-2157842E9D37}
-74.129863303,4.64551493099998,238,1237,8014079,F,City Parking Bazar Alzacia,2,1,8,Cl 12 B 71 D 61,L-D 24h,8,56,1,2021,{2EC0A46F-5151-41B1-BB89-C14D8DEA10B5}
-74.117390213,4.67987040100002,239,1238,10011692,F,City Parking Lote av. ciudad de cali,2,1,10,Kr 85k #46a-45,L-D 24h,8,34,1,2021,{3CEBCBFD-C44B-4540-B4B0-D70F172E62D8}
-74.188296084,4.636923534,240,1239,7009600,F,Centro comercial Mi centro El Porvenir Bosa,2,1,7,CL 54F SUR 94 18,L-D 8:00 - 21:00,8,223,2,2022,{880626FE-AFDC-4A2D-9934-0F472553C992}
-74.116019173,4.62916800300002,241,1240,16000300,F,Centro comercial Oulet las ámericas,2,1,16,KR 62 9a 60,L-V 9:30 - 20:30,8,50,2,2022,{9A5B3F44-6C97-4AB8-9485-78000BFF0847}
-74.048780945,4.67609611900002,242,1241,2000390,F,Parking International Edificio Salvio,2,1,2,KR 12 93 06,D-Ma 7:00 - 23:00 Mi- S 7:00 - 16:00,8,62,2,2022,{9A48B058-D639-4072-9FAE-739FC71652EA}
-74.056601001,4.66981720400003,243,1242,2002744,F,Parking International Almirante Colon,2,1,2,KR 16 84A 09,L-S 6:00 - 19:00,8,12,2,2022,{D4C87440-2D28-47C9-B37F-10CB9C8167E0}
-74.103376875,4.70487828099999,244,1243,10004454,F,Centro comercial Primavera Plaza,2,1,10,CL 80 80 90,L-S 5:30 - 21:00 D-F 8:00 - 21:00,8,66,2,2022,{A210BADA-0C79-4344-BB83-21EDAA7E40D5}
-74.053402217,4.66525698499998,245,1244,2000816,F,Parking International Edificio 811,2,1,2,CL 81 11 08,L-J 6:00 - 20:00 V-D 6:00 - 14:00,8,152,2,2022,{434CD1B3-D1DF-45EA-A323-F417D67DE267}
-74.089326968,4.65727831599997,246,1245,13000088,F,Aparcar Biblioteca Virgilio Barco,2,1,12,AK 60 57-60,L-S 6:00 - 20:00 D-F 07:00 - 17:00,8,42,2,2022,{D897D4F3-E6A3-494B-BACD-E63D4BAD840F}
-74.074291748,4.64214557999998,247,1246,13001005,F,Parqueadero Lugano,2,1,2,KR 24 53 41,L-S 6:00 - 19:00,8,83,2,2022,{773E7F87-4870-40EF-A257-E821A9C83D5C}
-74.046533935,4.75586068000001,248,1247,1006376,F,Homecenter Calle 170,2,1,11,Auto Norte 175 50,L-S 7:00 - 21:00 D-F: 8:00 - 20:00,8,75,2,2022,{B20AC5FB-2408-4BE4-B23A-EE38C8998A24}
-74.038251557,4.80685358400001,249,1248,1006420,F,Centro comercial Bima,2,1,11,Auto Norte 232 35,L-V 9:00 - 19:00 S: 9:00 - 21:00 D-F: 8:00 - 21:00,8,30,2,2022,{0A519B93-B0EC-4842-84FD-CC7E680AB360}
-74.143130437,4.67251852599998,250,1249,9004245,F,Parqueadero Tequendama Fontibón,2,1,9,Dg 16 104 52,L-S 6:00 - 22:00 D-F 6:00 - 21:00,8,164,2,2022,{0CEA96C3-FF29-4E36-9B64-08A8E03D7778}
-74.117799988,4.67837075699998,251,1250,9004403,F,Homecenter Dorado calle 26,2,1,10,Cll 50 82 55,L-S 7:00 - 21:00 D-F: 9:00 - 20:00,8,130,2,2022,{60114243-6A1A-442F-ADF4-168A281F261C}
-74.109842305,4.65328630900001,252,1251,9004944,F,Centro comercial Salitre plaza,2,1,9,KR 68 24 39,L-D 8:00 - 22:00,8,186,2,2022,{5E193200-B681-448D-B202-A9086D4A4F40}
-74.131900791,4.68956589599998,253,1252,9004096,F,Parqueadero H&H,2,1,9,CL 26 103 04,L-V 07:00 - 18:30 S 8:00 - 12:30,8,292,2,2022,{0DB1B557-438F-4824-8A52-D03AF4243774}
-74.068401281,4.60530512700001,254,1253,3000600,F,City Parking Universidad Central Campus,2,1,17,KR 5 21 38,L-V 06:00 - 22:00  S:6:00 - 18:00,8,120,2,2022,{4AD32F9B-7381-494F-907A-E33346C2B040}
-74.078922864,4.68486477099998,255,1254,10011417,F,Home center calle 80,2,1,10,KR 68 80 77,L-S 7:00 - 21:00 D-F: 9:00 - 20:0,8,110,2,2022,{027146AD-1988-48DD-B2EC-4B29611CF94B}
-74.097264758,4.74804239399998,256,1255,11014653,F,Éxito Suba,2,1,11,CL 145  105B 58,L-D 8:00 - 21:00,8,132,2,2022,{78D83837-DDCC-4DF6-BE4D-CD58E10B2BED}
-74.056297392,4.66830263899999,257,1256,2000709,F,Edificio Torre Alianza - MTS,2,2,2,KR 15 82 99,L-V 8:00 - 16:00,8,120,2,2022,{FF42F3A6-C534-43D7-AF82-E44DD31C8463}
-74.088341,4.59278499999999,258,1257,3000912,F,City Parking Homi,2,1,14,AK 14 1 13,L-D 24h,8,54,2,2021,{D5251DED-ED76-423B-8799-F605A3CCA911}
-74.077058,4.69855999999999,259,1258,11011022,F,Instituto Distrital de Protección y Bienestar Ani*,1,1,10,KR 106a 67 02,L-V 07:00 - 17:30,8,33,2,2021,{84592C51-2CAC-43FC-8F73-D126A2B86BCF}
-74.050108638,4.69847538900001,260,1259,1004934,F,Home Sentry 116,2,1,1,CL 116 19 17,L-D 8:00 - 22:00,8,40,2,2021,{3B24D42A-33EE-4733-89B0-039FA91385CF}
-74.07477065,4.69182994400001,261,1260,11011467,F,Centro comercial floresta Outlet,2,1,11,Kr 69 98a 11,L-D: 09:00 - 20:00,8,120,2,2021,{90F01394-430D-4BF0-A2C2-EEEBC26BCFE7}
-74.094905638,4.55433519899998,262,1261,4003336,F,SDIS - Centro de Desarrollo Comunitario La Victor*,1,1,4,KR 4 ESTE 40A 34 SUR,L-V 07:00 - 17:30,8,16,2,2021,{47523301-2540-4681-B28D-1691D07CC386}
-74.168876582,4.64005503700002,263,1262,8002299,F,SDIS - Jardin infantil Nuestra Señora de Guadalupe,1,1,8,CL 39 Sur 89C 37,L-V 07:00 - 17:30,8,12,2,2021,{6793954E-4BC2-45F0-A5B1-0D9A42A077A6}
-74.064880747,4.72790060599999,264,1263,11007601,F,Centro comercial Porto Alegre,2,1,11,KR 58 137B 01,L-D 6:00 - 14:00,8,70,2,2021,{456B959C-635A-442E-AF7F-BCD07635193B}
-74.085150601,4.73859075600001,265,1264,11005526,F,Centro comercial Subazar,2,1,11,CL 145 91 34,L-D 8:00 - 21:00,8,37,2,2021,{7EFC434C-46F7-419A-B3BD-72CA3E8DE628}
-74.159955192,4.61842186400003,266,1265,8007238,F,City Parking Lote Kennedy,2,1,8,CL 42 sur 78k 30,L-D 24h,8,16,2,2021,{71665084-B819-4092-BBD6-6386CFE56151}
-74.12833973,4.68426001799997,267,1266,9005012,F,City Parking Lote Fontibón,2,1,9,Kr 97 #25D-80,L-D 24h,8,22,2,2021,{B60F508E-9DAE-486F-939D-C54ECF4176A6}
-74.115508887,4.70092683399997,268,1267,10010283,F,Centro comecial Diver Plaza,2,1,10,TV 99 70A 89,L-D 10:00 - 21:00,8,145,2,2022,{C0F9E876-4287-4AB3-BE6E-0AE63EC495FB}
-74.114231466,4.67743109999998,269,1268,10010402,F,Edificio Mega Port,2,2,10,KR 85A 46A 96,L-V 7:00 - 19:00,8,120,2,2022,{530688BA-7C87-4C73-B199-43DBF1584080}
-74.169167021,4.67964107400002,270,1269,9001696,F,Parque Empresarial la Estancia,2,1,9,KR 85A 46A 96,L-V 7:00 - 19:00,8,200,2,2022,{EF26B321-C86E-400C-BA5F-9A5BE02DBC31}
-74.16394146,4.67729717999998,271,1270,9002011,F,Centro logístico de occidente,2,2,9,CL 14B 116 5,L-V 7:00 - 19:00,8,107,2,2022,{48D28F77-8430-4F72-8D32-39345CBE3570}
-74.04436584,4.68122208400001,272,1271,2000149,F,Edificio Green Office Corporativo,2,2,2,KR 11 97 7,L-V 7:00 - 19:00,8,172,2,2022,{A0A440D5-DB02-4028-B661-F33EA3EC7A8A}
-74.130479598,4.688193668,273,1272,9004084,F,Parking hotel habitel,2,1,9,AV CL 26 100 89,L-V 7:00 - 19:00,8,24,2,2022,{C8246C77-EA9E-49FA-B4E6-6101F6FB40F7}
-74.083937152,4.69117006599998,274,1273,10007210,F,Parking Jumbo Calle 80,2,1,10,CL 80 69Q 50,L-V 7:00 - 19:00,8,140,2,2022,{F1A004EC-CF43-4875-854F-12F1DC29D0CC}
-74.035116018,4.69179720099999,275,1274,1005349,F,Edificio Teleport Bussines,2,2,1,CL 113 7 45,L-V 7:00 - 19:00,8,60,2,2022,{A9DC9005-D7C8-473D-843A-FE436F50AD49}
-74.1804163,4.59248340099998,276,1275,19000391,F,La rolita,1,1,19,Calle 59A SUR – 76A-82,L-V 7:00 - 19:00,8,48,1,2022,{FEB50830-D62F-43C1-9804-07005FBEED23}
-74.086468643,4.56989965999998,277,1276,4000848,F,Alcaldía Local de San Cristobal,1,1,4,AV 1 MAYO 1 40 SUR,L-V 7:00 - 19:00,2,30,1,2022,{B54BBB49-F2F7-414E-B72B-94D6140FEE96}
-74.121770116,4.55620633799998,278,1277,6001776,F,Alcaldía Local de Tunjuelito,1,1,6,CL 51 SUR 7 35,L-V 7:00 - 19:00,2,30,1,2022,{D7112242-E1AA-4502-9757-3792CA362580}
-74.184778888,4.61048708300001,279,1278,7005135,F,Alcaldía Local de Bosa,1,1,7,KR 80i 69 70 SUR,L-V 7:00 - 19:00,2,46,1,2022,{15BB28B6-E975-4132-976B-6D5640D25E78}
-74.0560368,4.69006769999999,280,1279,1007800,F,Parqueadero Edificio Logic 2,2,1,1,KR 45 103 34,L-V 7:00 - 19:00,8,45,2,2022,{1B294BF2-5CD8-45E4-BC9E-796900EE4A1A}
-74.072737035,4.69454340599998,281,1280,11011317,F,Caracol TV,2,2,11,CL 103 69B 43,L-V 7:00 - 19:00,8,226,2,2022,{0FA7A984-3050-46E1-AE9E-BB75CE811957}
-74.023788616,4.74148014399998,282,1281,1001873,F,Centro Crecer - Usaquen,1,1,1,CL 165 7 52,L-V 7:00 - 19:00,8,63,2,2022,{0A2BD283-4B1C-49E5-BC61-0B58A22295E1}
-74.2054075,4.61267240000001,283,1282,7004839,F,Jardin Infantil Diurno-ABSUN,1,1,7,CL 81 SUR 81 - 75,L-V 7:00 - 19:00,8,19,2,2022,{37275A37-7B13-479C-B0DE-668EF7890C02}
-74.1783915,4.617515701,284,1283,8007557,F,Centros crecer - Bosa,1,1,7,KR 81 C 68 A 24 SUR,L-V 7:00 - 19:00,8,14,2,2022,{E8C23088-8542-4EA5-B6C7-B95D27D28FAE}
-74.182772049,4.61274545700002,285,1284,7009064,F,Jardin Infantil Diurno-Los cedros,1,1,7,KR 81 A 84 C 25 SUR,L-V 7:00 - 19:00,8,20,2,2022,{10D7E04F-385B-46C1-A3D9-1BE3D561578B}
-74.141965167,4.681594883,286,1285,9001404,F,Integracion y Gestion en Territorio Fontibon,1,1,9,CL 22 J 104 B 32,L-V 7:00 - 19:00,8,32,2,2022,{9FAA4583-C460-478F-A495-46076210B0FB}
-74.157981939,4.61030478399999,287,1286,8009344,F,Comisarias de Familia- CFAM Kennedy,1,1,8,KR 74 42 G 52 SUR,L-V 7:00 - 19:00,8,29,2,2022,{A3D5FFBE-D3AA-4E35-A96D-59D72A353921}
-74.169226799,4.64008969399998,288,1287,8011656,F,Nuestra Señora de Guadalupe el Paraiso,1,1,8,CL 39 SUR 89 C 37,L-V 7:00 - 19:00,8,12,2,2022,{A6C8A61A-6F13-4554-81DE-8FBBA2703D2D}
-74.094599891,4.55405785099998,289,1288,4003336,F,Integracion y Gestion en Territorio-60-CDC-LA V,1,1,4,CL 37 BIS B SUR 2 81 ESTE,L-V 7:00 - 19:00,8,16,2,2022,{2327E02C-AD9B-4D08-9386-68D62667E5BA}
-74.073915637,4.58965646500002,290,1289,3002454,F,Comisarias de Familia- CFAM Candelaria,1,1,3,KR 2 4 10,L-V 7:00 - 19:00,8,17,2,2022,{D26444D2-1956-4911-BF6F-4C7006CDD002}
-74.108933914,4.50080342699999,291,1290,0,F,Integracion y Gestion en Territorio-10115-CDC-JUL,1,1,5,Cl 91 SUR 4C 26,L-V 7:00 - 19:00,8,38,2,2022,{A0BFA4F4-3F7D-4E4C-872E-BD916619DE16}
-74.038768746,4.72398874999999,292,1291,1003614,F,"Atencion Integral a Mujeres Gestantes, Niñas y Ni*",1,1,11,CL 144 139 55,L-V 7:00 - 19:00,8,16,2,2022,{58E2AEA6-EFB5-42A3-82D9-0BFA1CA65194}
-74.082785822,4.75407258600001,293,1292,11001456,F,Jardin Infantil Diurno-FANA,1,1,11,KR 96 156 B 18,L-V 7:00 - 19:00,8,26,2,2022,{3E4C9AB4-5842-4DEE-839D-D2734D8B0F4A}
-74.097666082,4.59465277700002,294,1293,15000104,F,Centro de Atencion Distrital para la Inclusión So*,1,1,14,AC 1 24 B 26,L-V 7:00 - 19:00,8,16,2,2022,{8546986C-A2EA-4FA4-B9F0-BB827ED5D006}
-74.103176314,4.60585879899998,295,1294,16002671,F,Comisarias de Familia- CFAM Puente Aranda,1,1,16,CL 4 31 D 20,L-V 7:00 - 19:00,8,20,2,2022,{9B45301F-957C-4F2D-985E-D9E7CB439F8E}
-74.108169139,4.74071137499999,296,1295,11004862,F,Casa de la Juventud Diego Felipe Becerra,1,1,11,KR 125 132 C 82,L-V 7:00 - 19:00,8,20,2,2022,{91624019-C6DD-48E8-8733-8C0A9AE133DB}
-74.103101151,4.68924191100001,297,1296,10007393,F,Integracion y Gestion en Territorio Engativa,1,1,10,KR 78 69A 75,L-V 7:00 - 19:00,8,23,2,2022,{CA6F443D-11D2-4E66-9EC2-115F91EB62E8}
-74.109528816,4.69456627,298,1297,10006654,F,Casa de la Juventud Engativa,1,1,10,CL 70 88 A 07,L-V 7:00 - 19:00,8,16,2,2022,{61618F6B-77EB-4794-8096-9F293921BA8A}
-74.077997487,4.625172814,299,1298,13002169,F,Concejo de Bogota,1,1,13,CL 36 28A 41,L-V 8:00 - 17:00,8,38,1,2022,{2FF9256C-05C2-40C7-990B-D147AF9EDCEF}
-74.105506757,4.64922439999998,300,1299,13000449,F,Imprenta Nacional,1,1,13,KR 66 24 09,L-V 8:00 - 17:00,8,58,1,2022,{B447649E-75C9-469F-8E87-DAF28FE3CC6B}
-74.072377518,4.626947444,301,1300,13002078,F,Alcaldia Local de Teusaquillo,1,1,13,TV 18 BIS 38 41,L-V 7:00 - 16:30,2,32,1,2022,{C50D99EF-EBDB-444C-94F1-BC936F0D3109}
-74.070209223,4.60642769899999,302,1301,3000575,F,Alcaldia local de Santa fe,1,1,3,CL 21 5 74,L-V 8:00 - 16:00,3,24,1,2022,{73532318-7470-4386-B908-A4718802539F}
-74.125454984,4.47107886800001,303,1302,5007649,F,Alcaldia Local de Usme,1,1,5,CL 137 SUR 3A 44,L-V 8:00 - 16:00,2,63,1,2022,{0D784D45-0D67-42D8-806A-04F9FA1E9652}
-74.032745529,4.73056602299999,304,1303,1003147,F,Homecenter Cedritos,2,1,1,KR 9 152A 23,L-D 7:00 - 21:00,8,78,2,2022,{79458789-9501-46ED-B198-22E114F8BEA7}
-74.153875018,4.69221181099999,305,1304,9000462,F,UMV,1,1,9,CL 22 D 120 40,L-V 07:30 - 16:30,2,130,1,2022,{37B8AC16-9371-4E97-9B7A-408243E80D95}
-74.023788616,4.74148768499998,306,1305,1001873,F,Integracion  y Gestion en  Territorio- SUBD,1,1,7,CL 165 7 -52,L-V 7:00 - 19:00,8,16,2,2022,{39772B23-B8D9-4453-A7D7-B2D6C6DC065C}
-74.146007247,4.65148760300002,307,1306,8012886,F,Homecenter Tintal,2,1,8,CL 10B 86 50,L-D 8:00 - 21:00,8,100,2,2023,{20DB5205-EEA0-4343-9A1D-C3C647A87783}
-74.078943749,4.68497090599999,308,1307,10011417,F,Homecenter Avenida 68,2,1,10,AKR 68 80 77,L-D 7:00 - 21:00,8,70,2,2022,{B0F8489D-6DBB-4C30-BDEB-FDBCBF6DEF96}
-74.078696588,4.63814646999998,309,1308,13001213,F,City Parking Portal Belalcazar,2,1,13,KR 30 48 38,L-D 6:00 - 22:00,8,24,1,2023,{9F8D34D9-D855-4299-A04B-4EE224924BFC}
-74.060438688,4.66231237900001,310,1309,2000925,F,City Parking calle 79,2,1,2,CL 79 15 75,L-D 6:00 - 22:00,8,24,1,2023,{BDE55D61-70C5-4D6B-8341-5D01C21376AC}
-74.057706212,4.66390736400001,311,1310,2000866,F,City Parking calle 77,2,1,2,CL 77 15 60,L-D 6:00 - 22:00,8,24,1,2023,{5A7E02F1-64A0-44AD-8F68-69EF0E6240D6}
-74.071661729,4.61250448700002,312,1311,3000361,F,City Parking Carrera 13,2,1,3,KR 13 26 85,L-D 5:30 - 22:00,8,24,1,2023,{5165CFA8-1167-4C05-BCC3-5B6F3F034542}
-74.070179833,4.60207243000002,313,1312,3000725,F,City Parking calle 17,2,1,3,CL 17 4 92,L-D 6:00 - 22:00,8,24,1,2023,{E77A2AF4-415F-442C-AE34-84F874FE08D1}
-74.116162781,4.68279061099997,314,1313,10010354,F,Centro comercial Nuestro Bogotá,2,1,10,AV KR 86 55A 75,L-D 10:00 - 20:00,8,687,1,2023,{1684DB0D-17B4-4ACE-A4A4-46BCC02B9AA2}
-74.119249253,4.67643252099998,315,1314,9004741,F,Centro comercial Dorado Plaza,2,1,9,AC 26 85D 55,L-V 8:00 - 17:00   D-F 7:00 - 20:00,8,100,1,2023,{032B7F09-F81E-496E-B044-DEF2BDAB9424}
-74.071833384,4.59994501400001,316,1315,17000080,F,Alcaldia Local Candelaria,1,1,17,KR 5 14 46,L-V 7:00 - 16:30,8,26,1,2023,{9C5E1C16-18A0-49F9-81C8-4A853B65C482}
-74.120614617,4.68339857000001,317,1316,10010650,F,Centro Empresarial Conecta,2,1,10,ACL 26 92 32,L-D 24h,2,420,1,2023,{6D861386-9BDA-4618-841F-FAC535016B5B}
-74.048280727,4.67804689500002,318,1317,2000289,F,Parking 777,2,1,2,CLL 94 11A 97, L-D 6:00 - 22:00,8,24,1,2023,{ABBE8784-77A3-4CAB-A0D7-173ED1870D95}
-74.103285607,4.60610442500001,319,1318,16002671,F,Alcaldia  Local Puente Aranda,1,1,16,Cl. 4 31D-30,L-V 7:00 - 16:30,8,50,1,2023,{1AA7A199-D72F-4450-843A-244AFB62FF40}
-74.045227383,4.67830222399999,320,1319,2000271,F,Edificio Calle 95,2,1,2,Cl. 95 10-71,L-V 7:00 - 16:30,8,69,2,2023,{19C1F424-75AA-468D-A74F-EB7B1C439E45}
-74.034260108,4.69238104800002,321,1320,1005302,F,EDIFICIO TORRES UNIDAS 2,2,1,1,KR 9 113 52,L-V 7:00 - 16:30,8,38,2,2023,{782BB636-EE20-45BD-A5E9-AADC63DFB555}
-74.053351624,4.67781343299998,322,1321,2000294,F,Edificio Ecotower 93,2,1,2,CL 93 17 18,L-V 7:00 - 16:30,8,75,2,2023,{3FC55DD8-C5BB-4947-A119-82322CC6B338}
-74.053476153,4.68647363600002,323,1322,1005740,F,Edificio Ecotower 100,2,1,1,CL 100 19A 44,L-V 7:00 - 16:30,8,37,2,2023,{804CCA38-9000-42D1-B4AF-A06D4B94189C}
-74.056011682,4.68726513000001,324,1323,1007973,F,Edificio Ecotower Chico,2,1,1,CL 100 23 10,L-V 7:00 - 16:30,8,86,2,2023,{6F468A4C-4DC6-4DB0-BFA6-5998EB63A8D5}
-74.066314592,4.75709469200001,325,1324,11000448,F,Colegio Marymount,2,2,11,CL 169B 74A 02,L-V 7:00 - 16:30,8,38,1,2023,{B096784C-E4F7-4F03-8348-BA8D54B6E653}
-74.04721594,4.683887164,326,1325,2000046,F,Torre Empresarial FD100,2,1,2,AC 100 13 95,L-V 7:00 - 16:30,8,189,1,2023,{FF9785B4-2F5D-447A-8113-772FEB2CE4AE}
-74.105526948,4.658713912,327,1326,10009786,F,Centro Empresarial Paralelo 26 P.H.,2,1,10,KR 69 44 35,L-V 7:00 - 16:30,8,105,1,2023,{F40BDAB4-BF14-4A49-ADBF-75158240BCEC}
-74.062773204,4.65742017399998,328,1327,12002407,F,Fundacion Universitaria Area Andina,2,1,2,CL 70 14 36,L-V 7:00 - 16:30,8,260,1,2023,{3D146C73-3B91-43BC-94E3-B4A7EB40D369}
-74.070884018,4.60720745899999,329,1328,3000531,F,Personeria,1,1,3,KR 7 21 24,L-V 7:00 - 16:30,8,42,1,2023,{99133CDB-0F46-4728-9AB1-6A36B470685F}
-74.052547157,4.68634285500002,330,1329,1007030,F,Edificio Prime Tower MTS,2,1,2, CL 95 10 71,L-V 7:00 - 16:30,8,139,1,2023,{1238481A-D3AD-4FED-9C2A-28933CEED1ED}
-74.065104334,4.60522922899997,331,1330,3000623,F,City parking Andes,2,1,3,CR 1 22 37,"L-V 6:00 - 20:00 S,D,F: 6:00 - 17:00",8,24,1,2023,{20DAD377-C8B2-4103-93C9-1A8C4A0D0183}
-74.034413217,4.74146686300003,332,1331,1001865,F,Cardio infantil,2,1,1,CL 163A  13B 80,L-D 24h,8,178,1,2023,{E07680FF-8C37-47D9-BBD7-E0AC4D017E5D}
-74.098990882,4.66057290999998,333,1332,0,F,Compensar Av 68,2,2,10,AK 68 49A 47,L-D 5:00 - 21:00,8,267,2,2023,{3014910C-BE97-4795-9DD6-26F52E75C5C1}
-74.081697243,4.600431297,334,1333,3000773,F,Parque Comercial La Victoria,2,1,3,AV CARACAS 9 48,L-D 9:00 - 18:00,8,140,2,2023,{B22A9E75-BE09-4E84-81A5-0D520CE9F44D}
-74.086601968,4.61896505499999,335,1334,14000082,F,Centro comercial mall plaza,2,1,14,AV CR 30 19,L-D 9:00 - 22:00,8,262,2,2023,{EA6AE37A-9BD1-41B7-A183-A6455CFBEF97}
-74.136942269,4.62026008200002,336,1335,8006879,F,Home Sentry Americas,2,1,8,CL 3 71C 19,L-D 9:00 - 20:00,8,37,2,2023,{B1472901-BBB4-4215-BB8D-E1851C8E71FD}
-74.088713396,4.67182565500002,337,1336,12003358,F,Home Sentry Avenida 68,2,1,12,AK 68 64 50,L-D 9:00 - 20:00,8,47,2,2023,{A427CF9D-EA22-4C87-A989-CB9E5D2F5399}
-74.085904753,4.67981743199999,338,1337,10008646,F,Alkosto Av 68,2,1,10,AK 68 72 43,L-D 7:00 - 21:00,8,100,2,2023,{23D8110B-CC12-44C6-A530-6CEE2AF048E4}
-74.081134598,4.68335845299998,339,1338,10008199,F,Exito Calle 80,2,1,10,KR 59A 79 30,L-D 8:00 - 21:30,8,106,2,2023,{4EF3EC69-4D3E-4775-A019-84F5057443F1}
-74.087529491,4.69742721599999,340,1339,10006230,F,Makro calle 80,2,1,10,CL 81B  13,L-D 8:00 - 21:00,8,128,2,2023,{E07ADCFA-FBAD-4649-AF59-203EDE9586D8}
-74.113012479,4.64536182199998,341,1340,9004002,F,Bomberos Edificio Comando,1,2,9,CL 20 68A 06,L-V 7:00 - 16:30,8,66,1,2023,{344005D0-D9D5-4752-999F-0A23DCCB98CD}
-74.094814765,4.61159448500001,342,1341,16001973,F,Alkosto Kr 30,2,1,16,KR 30 10 25,L-D 8:00 - 21:00,8,55,2,2023,{36928856-E23F-431A-AFA0-EFB354811C85}
-74.139492346,4.596169207,343,1342,8011602,F,Alkosto Venecia,2,1,8,AC 45A Sur 51 90,L-D 7:00 - 21:00,8,118,2,2023,{02E071B0-49FE-4AF3-AB01-27FA8B9E441A}
-74.126035212,4.651979176,344,1343,9003935,F,Centro comercial Multiplaza,2,1,9,CL 19A 72 57,L-D 8:00 - 21:00,8,697,1,2023,{AFA02EF8-E765-45B8-8D02-35CB42EBC855}
-74.048093844,4.67318913100002,345,1344,2000474,F,FIC9211,2,2,2,KR 11 91 46,L-V 7:00 - 16:30,8,138,1,2023,{1406F82E-792B-4834-B1A4-5AE0D085C1C7}
-74.05756158,4.68141816399998,346,1345,2002299,F,Compensar 94,2,2,2,CL 94 23 43,L-D 8:00 - 18:00,8,52,2,2023,{8D14BDE2-B0E0-4CB1-857C-22A2EF5C5EB6}
-74.095321101,4.64708040800002,347,1346,13002793,F,Ministerio de  Minas y  Energia,1,2,13,CL 43 57 31,L-V 7:00 - 16:30,8,48,1,2023,{E4937BF9-6DE4-493B-BDCA-AA536A623D2E}
-74.080137353,4.67640970600002,348,1347,12000701,F,Alcaldía Local Barrios Unidos,1,1,12,CL 74A 63 07,L-V 7:00 - 16:30,8,30,1,2023,{C2302A60-B269-44B4-98EB-450FAA48462E}
-74.099618214,4.64498423800001,349,3239,13000777,F,T7-T8 Centro Empresarial Sarmiento Angulo,2,2,13,Ac. 26 # 57,L-D 08:00 - 20:00,8,161,1,2023,{4695F10F-8CA2-46CF-9E4B-2500EB6D6768}
-74.035616788,4.77430863799998,350,3240,1006554,F,Universidad del Rosario Sede Norte,2,2,1,KR 7 200,L-V 7:00 - 19:00,8,88,1,2024,{7317949B-5BE1-4538-B52A-A54F48DB53C8}
-74.0572,4.66255272699999,351,3241,2000921,F,Paqueaderos Tequendama CL 77  12A  20,2,1,2,CL 77  12A  20,L-D 08:00 - 20:00,8,24,1,2024,{D8387BB8-0205-435E-BAEF-C843D038F44F}
-74.057672727,4.67679272700002,352,3242,2000328,F,Paqueaderos Tequendama CL 90 19C 15,2,1,2,CL 90 19C 15,L-D 08:00 - 20:00,8,24,1,2024,{04244491-1D22-4899-8207-63B684057B6D}
-74.03528,4.747992727,353,3243,1001428,F,Paqueaderos Tequendama KR 14 169 49,2,1,1,KR 14 169 49,L-D 08:00 - 20:00,8,629,1,2024,{BF11A84A-CFF0-4FE9-972D-5EEFD8D6B4F8}
-74.121905455,4.55718545500002,354,3244,6001751,F,Estación Molinos,1,1,18,Caracas Sur,L-D 05:00 - 24:00,8,300,1,2018,{CCD3207A-7E93-4622-852C-C1CDCA2D6BB8}
-74.16984,4.61259636400001,355,3245,8008879,F,Centro de Desarrollo Comunitario Lago Timiza,1,1,8, KR 74 42g Sur 52,L-V 7:00 - 16:30,8,24,1,2024,{64489EB5-BD21-4EBF-8B22-E26E24FBA67E}
-74.062618182,4.68291636399999,356,3246,12000297,F,Empresa de Seguridad San Martin,2,2,12,CL 94 Bis 49 A  40,L-V 7:00 - 16:30,8,12,1,2024,{E9F3294B-8EB4-4B37-B0E7-B4BAEA48F357}
-74.107258182,4.657621818,357,3247,9003716,F,Edificio World Business Port,2,2,9,KR 69 25B 44,L-V 7:00 - 16:30,8,9,1,2024,{4833F06F-3752-4379-8F2B-5646CA7F47F0}
-74.076682809,4.65196229600002,358,3248,13000159,F,City Parking 63,2,1,12,AC 63  28-80,L-S 6:00 a 22:00,4,24,1,2024,{1A3423D5-5234-41FC-9AB5-A8ACC2A094C5}
-74.049774729,4.67235946300002,359,3356,2002711,F,Amarilo,2,2,2,KR 11A 89-25,L-V 6:00 - 18:00,2,87,2,2024,{62C31B7C-14FE-44F6-A5AB-3977D7235E53}
-74.078040094,4.59212400299998,360,3357,17000342,F,Ministerio de Hacienda y Crédito Público,1,2,17,CL 6B 6-34,L-V: 6:00 - 18:00,2,130,1,2024,{EACE937A-F91F-4A05-9E86-75063A7231EF}
-74.117267234,4.68095689799998,361,1042,10011692,F,City Parking World Business Center,2,1,10,KR 86 51 66,L-V 06:00 - 20:00   S-D 06:00 - 14:00,8,26,1,2016,{4FA0EEB9-D4C1-4007-BB2B-0E758DDD907B}
